ID,FID,MiFID
1,50.153942627512414,0.13429156
