ID,FID,MiFID
1,64.25957190412078,0.14470846096592554
